"organism_biosamp_ncbitaxonomy-via-taxize","superkingdom_ncbitaxonomy-via-taxize","kingdom_ncbitaxonomy-via-taxize","phylum_ncbitaxonomy-via-taxize","subphylum_ncbitaxonomy-via-taxize","superclass_ncbitaxonomy-via-taxize","class_ncbitaxonomy-via-taxize","subclass_ncbitaxonomy-via-taxize","superorder_ncbitaxonomy-via-taxize","order_ncbitaxonomy-via-taxize","suborder_ncbitaxonomy-via-taxize","infraorder_ncbitaxonomy-via-taxize","superfamily_ncbitaxonomy-via-taxize","family_ncbitaxonomy-via-taxize","genus_ncbitaxonomy-via-taxize","species_ncbitaxonomy-via-taxize","infraclass_ncbitaxonomy-via-taxize","cohort_ncbitaxonomy-via-taxize","subfamily_ncbitaxonomy-via-taxize","parvorder_ncbitaxonomy-via-taxize","subcohort_ncbitaxonomy-via-taxize","tribe_ncbitaxonomy-via-taxize","subspecies_ncbitaxonomy-via-taxize"
"Acanthephyra purpurea","Eukaryota","Metazoa","Arthropoda","Crustacea","Multicrustacea","Malacostraca","Eumalacostraca","Eucarida","Decapoda","Pleocyemata","Caridea","Oplophoroidea","Oplophoridae","Acanthephyra","Acanthephyra purpurea",NA,NA,NA,NA,NA,NA,NA
"Acanthurus olivaceus","Eukaryota","Metazoa","Chordata","Craniata","Actinopterygii","Actinopteri","Neopterygii",NA,"Acanthuriformes",NA,NA,NA,"Acanthuridae","Acanthurus","Acanthurus olivaceus","Teleostei","Euteleosteomorpha","Acanthurinae",NA,NA,NA,NA
"Acropora cervicornis","Eukaryota","Metazoa","Cnidaria",NA,NA,"Anthozoa","Hexacorallia",NA,"Scleractinia","Astrocoeniina",NA,NA,"Acroporidae","Acropora","Acropora cervicornis",NA,NA,NA,NA,NA,NA,NA
"Acropora millepora","Eukaryota","Metazoa","Cnidaria",NA,NA,"Anthozoa","Hexacorallia",NA,"Scleractinia","Astrocoeniina",NA,NA,"Acroporidae","Acropora","Acropora millepora",NA,NA,NA,NA,NA,NA,NA
"Acropora palmata","Eukaryota","Metazoa","Cnidaria",NA,NA,"Anthozoa","Hexacorallia",NA,"Scleractinia","Astrocoeniina",NA,NA,"Acroporidae","Acropora","Acropora palmata",NA,NA,NA,NA,NA,NA,NA
"Acropora prolifera","Eukaryota","Metazoa","Cnidaria",NA,NA,"Anthozoa","Hexacorallia",NA,"Scleractinia","Astrocoeniina",NA,NA,"Acroporidae","Acropora","Acropora prolifera",NA,NA,NA,NA,NA,NA,NA
"Agaricia fragilis","Eukaryota","Metazoa","Cnidaria",NA,NA,"Anthozoa","Hexacorallia",NA,"Scleractinia","Fungiina",NA,NA,"Agariciidae","Agaricia","Agaricia fragilis",NA,NA,NA,NA,NA,NA,NA
"Agaricia undata","Eukaryota","Metazoa","Cnidaria",NA,NA,"Anthozoa","Hexacorallia",NA,"Scleractinia","Fungiina",NA,NA,"Agariciidae","Agaricia","Agaricia undata",NA,NA,NA,NA,NA,NA,NA
"Amphiprion bicinctus","Eukaryota","Metazoa","Chordata","Craniata","Actinopterygii","Actinopteri","Neopterygii",NA,NA,NA,NA,NA,"Pomacentridae","Amphiprion","Amphiprion bicinctus","Teleostei","Euteleosteomorpha",NA,NA,NA,NA,NA
"Amphiprion clarkii","Eukaryota","Metazoa","Chordata","Craniata","Actinopterygii","Actinopteri","Neopterygii",NA,NA,NA,NA,NA,"Pomacentridae","Amphiprion","Amphiprion clarkii","Teleostei","Euteleosteomorpha",NA,NA,NA,NA,NA
"Anguilla anguilla","Eukaryota","Metazoa","Chordata","Craniata","Actinopterygii","Actinopteri","Neopterygii",NA,"Anguilliformes",NA,NA,NA,"Anguillidae","Anguilla","Anguilla anguilla","Teleostei",NA,NA,NA,NA,NA,NA
"Anguilla rostrata","Eukaryota","Metazoa","Chordata","Craniata","Actinopterygii","Actinopteri","Neopterygii",NA,"Anguilliformes",NA,NA,NA,"Anguillidae","Anguilla","Anguilla rostrata","Teleostei",NA,NA,NA,NA,NA,NA
"Anthopleura elegantissima","Eukaryota","Metazoa","Cnidaria",NA,NA,"Anthozoa","Hexacorallia",NA,"Actiniaria",NA,NA,NA,"Actiniidae","Anthopleura","Anthopleura elegantissima",NA,NA,NA,NA,NA,NA,NA
"Apostichopus californicus","Eukaryota","Metazoa","Echinodermata",NA,"Echinozoa","Holothuroidea","Aspidochirotacea",NA,"Aspidochirotida",NA,NA,NA,"Stichopodidae","Apostichopus","Apostichopus californicus",NA,NA,NA,NA,NA,NA,NA
"Aptenodytes patagonicus","Eukaryota","Metazoa","Chordata","Craniata","Sarcopterygii","Aves",NA,NA,"Sphenisciformes",NA,NA,NA,"Spheniscidae","Aptenodytes","Aptenodytes patagonicus","Neognathae",NA,NA,NA,NA,NA,NA
"Arctocephalus forsteri","Eukaryota","Metazoa","Chordata","Craniata","Sarcopterygii","Mammalia",NA,"Laurasiatheria","Carnivora","Caniformia",NA,NA,"Otariidae","Arctocephalus","Arctocephalus forsteri",NA,NA,NA,NA,NA,NA,NA
"Aythya marila","Eukaryota","Metazoa","Chordata","Craniata","Sarcopterygii","Aves",NA,"Galloanserae","Anseriformes",NA,NA,NA,"Anatidae","Aythya","Aythya marila","Neognathae",NA,"Aythyinae",NA,NA,NA,NA
"Bartholomea annulata","Eukaryota","Metazoa","Cnidaria",NA,NA,"Anthozoa","Hexacorallia",NA,"Actiniaria",NA,NA,NA,"Aiptasiidae","Bartholomea","Bartholomea annulata",NA,NA,NA,NA,NA,NA,NA
"Bathygobius cocosensis","Eukaryota","Metazoa","Chordata","Craniata","Actinopterygii","Actinopteri","Neopterygii",NA,"Gobiiformes","Gobioidei",NA,NA,"Gobiidae","Bathygobius","Bathygobius cocosensis","Teleostei","Euteleosteomorpha","Gobiinae",NA,NA,NA,NA
"Bathymodiolus platifrons","Eukaryota","Metazoa","Mollusca",NA,NA,"Bivalvia","Autobranchia",NA,"Mytilida",NA,NA,"Mytiloidea","Mytilidae","Gigantidas","Gigantidas platifrons",NA,NA,"Bathymodiolinae",NA,NA,NA,NA
"Bathyraja aleutica","Eukaryota","Metazoa","Chordata","Craniata",NA,"Chondrichthyes","Elasmobranchii","Batoidea","Rajiformes",NA,NA,NA,"Arhynchobatidae","Bathyraja","Bathyraja aleutica",NA,NA,NA,NA,NA,NA,NA
"Bathyraja panthera","Eukaryota","Metazoa","Chordata","Craniata",NA,"Chondrichthyes","Elasmobranchii","Batoidea","Rajiformes",NA,NA,NA,"Arhynchobatidae","Bathyraja","Bathyraja panthera",NA,NA,NA,NA,NA,NA,NA
"Bathyraja parmifera","Eukaryota","Metazoa","Chordata","Craniata",NA,"Chondrichthyes","Elasmobranchii","Batoidea","Rajiformes",NA,NA,NA,"Arhynchobatidae","Bathyraja","Bathyraja parmifera",NA,NA,NA,NA,NA,NA,NA
"Callinectes sapidus","Eukaryota","Metazoa","Arthropoda","Crustacea","Multicrustacea","Malacostraca","Eumalacostraca","Eucarida","Decapoda","Pleocyemata","Brachyura","Portunoidea","Portunidae","Callinectes","Callinectes sapidus",NA,NA,NA,NA,NA,NA,NA
"Caretta caretta","Eukaryota","Metazoa","Chordata","Craniata","Sarcopterygii",NA,"Testudinata",NA,"Testudines","Cryptodira",NA,"Chelonioidea","Cheloniidae","Caretta","Caretta caretta",NA,NA,NA,NA,NA,NA,NA
"Chlorostoma funebralis","Eukaryota","Metazoa","Mollusca",NA,NA,"Gastropoda","Vetigastropoda",NA,"Trochida",NA,NA,"Trochoidea","Tegulidae","Tegula","Tegula funebralis",NA,NA,NA,NA,NA,NA,NA
"Coryphaenoides rupestris","Eukaryota","Metazoa","Chordata","Craniata","Actinopterygii","Actinopteri","Neopterygii",NA,"Gadiformes","Macrouroidei",NA,NA,"Macrouridae","Coryphaenoides","Coryphaenoides rupestris","Teleostei","Euteleosteomorpha","Macrourinae",NA,NA,NA,NA
"Cranchia scabra","Eukaryota","Metazoa","Mollusca",NA,NA,"Cephalopoda","Coleoidea","Decapodiformes","Teuthida","Oegopsina",NA,NA,"Cranchiidae","Cranchia","Cranchia scabra",NA,NA,NA,NA,NA,NA,NA
"Ctenolabrus rupestris","Eukaryota","Metazoa","Chordata","Craniata","Actinopterygii","Actinopteri","Neopterygii",NA,"Labriformes",NA,NA,NA,"Labridae","Ctenolabrus","Ctenolabrus rupestris","Teleostei","Euteleosteomorpha",NA,NA,NA,NA,NA
"Dascyllus trimaculatus","Eukaryota","Metazoa","Chordata","Craniata","Actinopterygii","Actinopteri","Neopterygii",NA,NA,NA,NA,NA,"Pomacentridae","Dascyllus","Dascyllus trimaculatus","Teleostei","Euteleosteomorpha",NA,NA,NA,NA,NA
"Delphinapterus leucas","Eukaryota","Metazoa","Chordata","Craniata","Sarcopterygii","Mammalia",NA,"Laurasiatheria","Artiodactyla","Whippomorpha","Cetacea",NA,"Monodontidae","Delphinapterus","Delphinapterus leucas",NA,NA,NA,"Odontoceti",NA,NA,NA
"Ectopleura larynx","Eukaryota","Metazoa","Cnidaria",NA,NA,"Hydrozoa","Hydroidolina",NA,"Anthoathecata","Aplanulata",NA,NA,"Tubulariidae","Ectopleura","Ectopleura larynx",NA,NA,NA,NA,NA,NA,NA
"Engraulis encrasicolus","Eukaryota","Metazoa","Chordata","Craniata","Actinopterygii","Actinopteri","Neopterygii",NA,"Clupeiformes","Clupeoidei",NA,NA,"Engraulidae","Engraulis","Engraulis encrasicolus","Teleostei","Otomorpha","Engraulinae",NA,"Clupei",NA,NA
"Eudyptes chrysolophus","Eukaryota","Metazoa","Chordata","Craniata","Sarcopterygii","Aves",NA,NA,"Sphenisciformes",NA,NA,NA,"Spheniscidae","Eudyptes","Eudyptes chrysolophus","Neognathae",NA,NA,NA,NA,NA,NA
"Eukrohnia hamata","Eukaryota","Metazoa","Chaetognatha",NA,NA,"Sagittoidea",NA,NA,"Phragmophora",NA,NA,NA,"Eukrohniidae","Eukrohnia","Eukrohnia hamata",NA,NA,NA,NA,NA,NA,NA
"Exaiptasia brasiliensis","Eukaryota","Metazoa","Cnidaria",NA,NA,"Anthozoa","Hexacorallia",NA,"Actiniaria",NA,NA,NA,"Aiptasiidae","Exaiptasia","Exaiptasia brasiliensis",NA,NA,NA,NA,NA,NA,NA
"Exaiptasia pallida","Eukaryota","Metazoa","Cnidaria",NA,NA,"Anthozoa","Hexacorallia",NA,"Actiniaria",NA,NA,NA,"Aiptasiidae","Exaiptasia","Exaiptasia diaphana",NA,NA,NA,NA,NA,NA,NA
"Fibramia amboinensis","Eukaryota","Metazoa","Chordata","Craniata","Actinopterygii","Actinopteri","Neopterygii",NA,"Kurtiformes","Apogonoidei",NA,NA,"Apogonidae","Fibramia","Fibramia amboinensis","Teleostei","Euteleosteomorpha","Apogoninae",NA,NA,NA,NA
"Fucus vesiculosus","Eukaryota",NA,NA,NA,NA,"Phaeophyceae",NA,NA,"Fucales",NA,NA,NA,"Fucaceae","Fucus","Fucus vesiculosus",NA,NA,NA,NA,NA,NA,NA
"Fundulus grandis","Eukaryota","Metazoa","Chordata","Craniata","Actinopterygii","Actinopteri","Neopterygii","Atherinomorphae","Cyprinodontiformes","Cyprinodontoidei",NA,NA,"Fundulidae","Fundulus","Fundulus grandis","Teleostei","Euteleosteomorpha",NA,NA,NA,NA,NA
"Fundulus heteroclitus","Eukaryota","Metazoa","Chordata","Craniata","Actinopterygii","Actinopteri","Neopterygii","Atherinomorphae","Cyprinodontiformes","Cyprinodontoidei",NA,NA,"Fundulidae","Fundulus","Fundulus heteroclitus","Teleostei","Euteleosteomorpha",NA,NA,NA,NA,NA
"Gadus macrocephalus","Eukaryota","Metazoa","Chordata","Craniata","Actinopterygii","Actinopteri","Neopterygii",NA,"Gadiformes","Gadoidei",NA,NA,"Gadidae","Gadus","Gadus macrocephalus","Teleostei","Euteleosteomorpha",NA,NA,NA,NA,NA
"Gadus morhua","Eukaryota","Metazoa","Chordata","Craniata","Actinopterygii","Actinopteri","Neopterygii",NA,"Gadiformes","Gadoidei",NA,NA,"Gadidae","Gadus","Gadus morhua","Teleostei","Euteleosteomorpha",NA,NA,NA,NA,NA
"Galaxea fascicularis","Eukaryota","Metazoa","Cnidaria",NA,NA,"Anthozoa","Hexacorallia",NA,"Scleractinia","Faviina",NA,NA,"Euphylliidae","Galaxea","Galaxea fascicularis",NA,NA,NA,NA,NA,NA,NA
"Galaxea horrescens","Eukaryota","Metazoa","Cnidaria",NA,NA,"Anthozoa","Hexacorallia",NA,"Scleractinia","Faviina",NA,NA,"Euphylliidae","Galaxea","Galaxea horrescens",NA,NA,NA,NA,NA,NA,NA
"Galaxias maculatus","Eukaryota","Metazoa","Chordata","Craniata","Actinopterygii","Actinopteri","Neopterygii",NA,"Galaxiiformes",NA,NA,NA,"Galaxiidae","Galaxias","Galaxias maculatus","Teleostei","Euteleosteomorpha","Galaxiinae",NA,NA,"Galaxiini",NA
"Gasterosteus aculeatus","Eukaryota","Metazoa","Chordata","Craniata","Actinopterygii","Actinopteri","Neopterygii",NA,"Perciformes","Cottioidei","Gasterosteales",NA,"Gasterosteidae","Gasterosteus","Gasterosteus aculeatus","Teleostei","Euteleosteomorpha",NA,NA,NA,NA,NA
"Holacanthus passer","Eukaryota","Metazoa","Chordata","Craniata","Actinopterygii","Actinopteri","Neopterygii",NA,NA,NA,NA,NA,"Pomacanthidae","Holacanthus","Holacanthus passer","Teleostei","Euteleosteomorpha",NA,NA,NA,NA,NA
"Homarus americanus","Eukaryota","Metazoa","Arthropoda","Crustacea","Multicrustacea","Malacostraca","Eumalacostraca","Eucarida","Decapoda","Pleocyemata","Astacidea","Nephropoidea","Nephropidae","Homarus","Homarus americanus",NA,NA,NA,NA,NA,NA,NA
"Idotea baltica","Eukaryota","Metazoa","Arthropoda","Crustacea","Multicrustacea","Malacostraca","Eumalacostraca","Peracarida","Isopoda","Valvifera",NA,NA,"Idoteidae","Idotea","Idotea baltica",NA,NA,NA,NA,NA,NA,NA
"Isocladus armatus","Eukaryota","Metazoa","Arthropoda","Crustacea","Multicrustacea","Malacostraca","Eumalacostraca","Peracarida","Isopoda",NA,NA,NA,"Sphaeromatidae","Isocladus","Isocladus armatus",NA,NA,NA,NA,NA,NA,NA
"Istiblennius lineatus","Eukaryota","Metazoa","Chordata","Craniata","Actinopterygii","Actinopteri","Neopterygii",NA,"Blenniiformes","Blennioidei",NA,NA,"Blenniidae","Istiblennius","Istiblennius lineatus","Teleostei","Euteleosteomorpha","Salariinae",NA,NA,NA,NA
"Lagenorhynchus acutus","Eukaryota","Metazoa","Chordata","Craniata","Sarcopterygii","Mammalia",NA,"Laurasiatheria","Artiodactyla","Whippomorpha","Cetacea",NA,"Delphinidae","Lagenorhynchus","Lagenorhynchus acutus",NA,NA,NA,"Odontoceti",NA,NA,NA
"Lagenorhynchus albirostris","Eukaryota","Metazoa","Chordata","Craniata","Sarcopterygii","Mammalia",NA,"Laurasiatheria","Artiodactyla","Whippomorpha","Cetacea",NA,"Delphinidae","Lagenorhynchus","Lagenorhynchus albirostris",NA,NA,NA,"Odontoceti",NA,NA,NA
"Laguncularia racemosa","Eukaryota","Viridiplantae","Streptophyta","Streptophytina",NA,"Magnoliopsida",NA,NA,"Myrtales",NA,NA,NA,"Combretaceae","Laguncularia","Laguncularia racemosa",NA,NA,NA,NA,NA,NA,NA
"Larimichthys polyactis","Eukaryota","Metazoa","Chordata","Craniata","Actinopterygii","Actinopteri","Neopterygii",NA,NA,NA,NA,NA,"Sciaenidae","Larimichthys","Larimichthys polyactis","Teleostei","Euteleosteomorpha",NA,NA,NA,NA,NA
"Lateolabrax maculatus","Eukaryota","Metazoa","Chordata","Craniata","Actinopterygii","Actinopteri","Neopterygii",NA,"Pempheriformes",NA,NA,NA,"Lateolabracidae","Lateolabrax","Lateolabrax maculatus","Teleostei","Euteleosteomorpha",NA,NA,NA,NA,NA
"Leptopsammia pruvoti","Eukaryota","Metazoa","Cnidaria",NA,NA,"Anthozoa","Hexacorallia",NA,"Scleractinia","Dendrophylliina",NA,NA,"Dendrophylliidae","Leptopsammia","Leptopsammia pruvoti",NA,NA,NA,NA,NA,NA,NA
"Lutjanus campechanus","Eukaryota","Metazoa","Chordata","Craniata","Actinopterygii","Actinopteri","Neopterygii",NA,"Lutjaniformes",NA,NA,NA,"Lutjanidae","Lutjanus","Lutjanus campechanus","Teleostei","Euteleosteomorpha","Lutjaninae",NA,NA,NA,NA
"Lutjanus fulvus","Eukaryota","Metazoa","Chordata","Craniata","Actinopterygii","Actinopteri","Neopterygii",NA,"Lutjaniformes",NA,NA,NA,"Lutjanidae","Lutjanus","Lutjanus fulvus","Teleostei","Euteleosteomorpha","Lutjaninae",NA,NA,NA,NA
"Mallotus villosus","Eukaryota","Metazoa","Chordata","Craniata","Actinopterygii","Actinopteri","Neopterygii",NA,"Osmeriformes",NA,NA,NA,"Salangidae","Mallotus","Mallotus villosus","Teleostei","Euteleosteomorpha",NA,NA,NA,NA,NA
"Montipora capitata","Eukaryota","Metazoa","Cnidaria",NA,NA,"Anthozoa","Hexacorallia",NA,"Scleractinia","Astrocoeniina",NA,NA,"Acroporidae","Montipora","Montipora capitata",NA,NA,NA,NA,NA,NA,NA
"Mytilus galloprovincialis","Eukaryota","Metazoa","Mollusca",NA,NA,"Bivalvia","Autobranchia",NA,"Mytilida",NA,NA,"Mytiloidea","Mytilidae","Mytilus","Mytilus galloprovincialis",NA,NA,"Mytilinae",NA,NA,NA,NA
"Nautilus pompilius","Eukaryota","Metazoa","Mollusca",NA,NA,"Cephalopoda","Nautiloidea",NA,"Nautilida",NA,NA,NA,"Nautilidae","Nautilus","Nautilus pompilius",NA,NA,NA,NA,NA,NA,NA
"Nematostella vectensis","Eukaryota","Metazoa","Cnidaria",NA,NA,"Anthozoa","Hexacorallia",NA,"Actiniaria",NA,NA,NA,"Edwardsiidae","Nematostella","Nematostella vectensis",NA,NA,NA,NA,NA,NA,NA
"Nymphon australe","Eukaryota","Metazoa","Arthropoda","Chelicerata",NA,"Pycnogonida",NA,NA,"Pantopoda",NA,NA,NA,"Nymphonidae","Nymphon","Nymphon australe",NA,NA,NA,NA,NA,NA,NA
"Oculina patagonica","Eukaryota","Metazoa","Cnidaria",NA,NA,"Anthozoa","Hexacorallia",NA,"Scleractinia","Faviina",NA,NA,"Oculinidae","Oculina","Oculina patagonica",NA,NA,NA,NA,NA,NA,NA
"Orbicella faveolata","Eukaryota","Metazoa","Cnidaria",NA,NA,"Anthozoa","Hexacorallia",NA,"Scleractinia","Faviina",NA,NA,"Merulinidae","Orbicella","Orbicella faveolata",NA,NA,NA,NA,NA,NA,NA
"Ostrea lurida","Eukaryota","Metazoa","Mollusca",NA,NA,"Bivalvia","Autobranchia",NA,"Ostreida",NA,NA,"Ostreoidea","Ostreidae","Ostrea","Ostrea lurida",NA,NA,NA,NA,NA,NA,NA
"Paracentrotus lividus","Eukaryota","Metazoa","Echinodermata",NA,"Echinozoa","Echinoidea","Euechinoidea","Echinacea","Camarodonta",NA,"Echinidea",NA,"Echinidae","Paracentrotus","Paracentrotus lividus",NA,NA,NA,NA,NA,NA,NA
"Paracirrhites forsteri","Eukaryota","Metazoa","Chordata","Craniata","Actinopterygii","Actinopteri","Neopterygii",NA,"Centrarchiformes",NA,NA,"Cirrhitioidei","Cirrhitidae","Paracirrhites","Paracirrhites forsteri","Teleostei","Euteleosteomorpha",NA,NA,NA,NA,NA
"Paralichthys dentatus","Eukaryota","Metazoa","Chordata","Craniata","Actinopterygii","Actinopteri","Neopterygii",NA,"Pleuronectiformes","Pleuronectoidei",NA,NA,"Paralichthyidae","Paralichthys","Paralichthys dentatus","Teleostei","Euteleosteomorpha",NA,NA,NA,NA,NA
"Penaeus duorarum","Eukaryota","Metazoa","Arthropoda","Crustacea","Multicrustacea","Malacostraca","Eumalacostraca","Eucarida","Decapoda","Dendrobranchiata",NA,"Penaeoidea","Penaeidae","Penaeus","Penaeus duorarum",NA,NA,NA,NA,NA,NA,NA
"Halichoerus grypus atlantica","Eukaryota","Metazoa","Chordata","Craniata","Sarcopterygii","Mammalia",NA,"Laurasiatheria","Carnivora","Caniformia",NA,NA,"Phocidae","Halichoerus","Halichoerus grypus",NA,NA,NA,NA,NA,NA,"Halichoerus grypus atlantica"
"Phocoena phocoena","Eukaryota","Metazoa","Chordata","Craniata","Sarcopterygii","Mammalia",NA,"Laurasiatheria","Artiodactyla","Whippomorpha","Cetacea",NA,"Phocoenidae","Phocoena","Phocoena phocoena",NA,NA,NA,"Odontoceti",NA,NA,NA
"Phocoena sinus","Eukaryota","Metazoa","Chordata","Craniata","Sarcopterygii","Mammalia",NA,"Laurasiatheria","Artiodactyla","Whippomorpha","Cetacea",NA,"Phocoenidae","Phocoena","Phocoena sinus",NA,NA,NA,"Odontoceti",NA,NA,NA
"Pisaster ochraceus","Eukaryota","Metazoa","Echinodermata",NA,"Asterozoa","Asteroidea",NA,"Forcipulatacea","Forcipulatida",NA,NA,NA,"Asteriidae","Pisaster","Pisaster ochraceus",NA,NA,NA,NA,NA,NA,NA
"Placopecten magellanicus","Eukaryota","Metazoa","Mollusca",NA,NA,"Bivalvia","Autobranchia",NA,"Pectinida",NA,NA,"Pectinoidea","Pectinidae","Placopecten","Placopecten magellanicus",NA,NA,NA,NA,NA,NA,NA
"Planes minutus","Eukaryota","Metazoa","Arthropoda","Crustacea","Multicrustacea","Malacostraca","Eumalacostraca","Eucarida","Decapoda","Pleocyemata","Brachyura","Grapsoidea","Grapsidae","Planes","Planes minutus",NA,NA,NA,NA,NA,NA,NA
"Platichthys flesus","Eukaryota","Metazoa","Chordata","Craniata","Actinopterygii","Actinopteri","Neopterygii",NA,"Pleuronectiformes","Pleuronectoidei",NA,NA,"Pleuronectidae","Platichthys","Platichthys flesus","Teleostei","Euteleosteomorpha",NA,NA,NA,NA,NA
"Pocillopora damicornis","Eukaryota","Metazoa","Cnidaria",NA,NA,"Anthozoa","Hexacorallia",NA,"Scleractinia","Astrocoeniina",NA,NA,"Pocilloporidae","Pocillopora","Pocillopora damicornis",NA,NA,NA,NA,NA,NA,NA
"Poecilia latipinna","Eukaryota","Metazoa","Chordata","Craniata","Actinopterygii","Actinopteri","Neopterygii","Atherinomorphae","Cyprinodontiformes","Cyprinodontoidei",NA,NA,"Poeciliidae","Poecilia","Poecilia latipinna","Teleostei","Euteleosteomorpha","Poeciliinae",NA,NA,NA,NA
"Pomacanthus maculosus","Eukaryota","Metazoa","Chordata","Craniata","Actinopterygii","Actinopteri","Neopterygii",NA,NA,NA,NA,NA,"Pomacanthidae","Pomacanthus","Pomacanthus maculosus","Teleostei","Euteleosteomorpha",NA,NA,NA,NA,NA
"Porites astreoides","Eukaryota","Metazoa","Cnidaria",NA,NA,"Anthozoa","Hexacorallia",NA,"Scleractinia","Fungiina",NA,NA,"Poritidae","Porites","Porites astreoides",NA,NA,NA,NA,NA,NA,NA
"Porites compressa","Eukaryota","Metazoa","Cnidaria",NA,NA,"Anthozoa","Hexacorallia",NA,"Scleractinia","Fungiina",NA,NA,"Poritidae","Porites","Porites compressa",NA,NA,NA,NA,NA,NA,NA
"Pygoscelis adeliae","Eukaryota","Metazoa","Chordata","Craniata","Sarcopterygii","Aves",NA,NA,"Sphenisciformes",NA,NA,NA,"Spheniscidae","Pygoscelis","Pygoscelis adeliae","Neognathae",NA,NA,NA,NA,NA,NA
"Pygoscelis antarcticus","Eukaryota","Metazoa","Chordata","Craniata","Sarcopterygii","Aves",NA,NA,"Sphenisciformes",NA,NA,NA,"Spheniscidae","Pygoscelis","Pygoscelis antarcticus","Neognathae",NA,NA,NA,NA,NA,NA
"Pygoscelis papua","Eukaryota","Metazoa","Chordata","Craniata","Sarcopterygii","Aves",NA,NA,"Sphenisciformes",NA,NA,NA,"Spheniscidae","Pygoscelis","Pygoscelis papua","Neognathae",NA,NA,NA,NA,NA,NA
"Pyroteuthis margaritifera","Eukaryota","Metazoa","Mollusca",NA,NA,"Cephalopoda","Coleoidea","Decapodiformes","Teuthida","Oegopsina",NA,NA,"Pyroteuthidae","Pyroteuthis","Pyroteuthis margaritifera",NA,NA,NA,NA,NA,NA,NA
"Rhizophora mangle","Eukaryota","Viridiplantae","Streptophyta","Streptophytina",NA,"Magnoliopsida",NA,NA,"Malpighiales",NA,NA,NA,"Rhizophoraceae","Rhizophora","Rhizophora mangle",NA,NA,NA,NA,NA,NA,NA
"Robustosergia robusta","Eukaryota","Metazoa","Arthropoda","Crustacea","Multicrustacea","Malacostraca","Eumalacostraca","Eucarida","Decapoda","Dendrobranchiata",NA,"Sergestoidea","Sergestidae","Robustosergia","Robustosergia robusta",NA,NA,NA,NA,NA,NA,NA
"Sargassum muticum","Eukaryota",NA,NA,NA,NA,"Phaeophyceae",NA,NA,"Fucales",NA,NA,NA,"Sargassaceae","Sargassum","Sargassum muticum",NA,NA,NA,NA,NA,NA,NA
"Scomber scombrus","Eukaryota","Metazoa","Chordata","Craniata","Actinopterygii","Actinopteri","Neopterygii",NA,"Scombriformes",NA,NA,NA,"Scombridae","Scomber","Scomber scombrus","Teleostei","Euteleosteomorpha","Scombrinae",NA,NA,"Scombrini",NA
"Sebastes diaconus","Eukaryota","Metazoa","Chordata","Craniata","Actinopterygii","Actinopteri","Neopterygii",NA,"Perciformes","Scorpaenoidei",NA,NA,"Sebastidae","Sebastes","Sebastes diaconus","Teleostei","Euteleosteomorpha","Sebastinae",NA,NA,NA,NA
"Sebastes paucispinis","Eukaryota","Metazoa","Chordata","Craniata","Actinopterygii","Actinopteri","Neopterygii",NA,"Perciformes","Scorpaenoidei",NA,NA,"Sebastidae","Sebastes","Sebastes paucispinis","Teleostei","Euteleosteomorpha","Sebastinae",NA,NA,NA,NA
"Sebastes pinniger","Eukaryota","Metazoa","Chordata","Craniata","Actinopterygii","Actinopteri","Neopterygii",NA,"Perciformes","Scorpaenoidei",NA,NA,"Sebastidae","Sebastes","Sebastes pinniger","Teleostei","Euteleosteomorpha","Sebastinae",NA,NA,NA,NA
"Sebastes rastrelliger","Eukaryota","Metazoa","Chordata","Craniata","Actinopterygii","Actinopteri","Neopterygii",NA,"Perciformes","Scorpaenoidei",NA,NA,"Sebastidae","Sebastes","Sebastes rastrelliger","Teleostei","Euteleosteomorpha","Sebastinae",NA,NA,NA,NA
"Sebastes ruberrimus","Eukaryota","Metazoa","Chordata","Craniata","Actinopterygii","Actinopteri","Neopterygii",NA,"Perciformes","Scorpaenoidei",NA,NA,"Sebastidae","Sebastes","Sebastes ruberrimus","Teleostei","Euteleosteomorpha","Sebastinae",NA,NA,NA,NA
"Sebastiscus marmoratus","Eukaryota","Metazoa","Chordata","Craniata","Actinopterygii","Actinopteri","Neopterygii",NA,"Perciformes","Scorpaenoidei",NA,NA,"Sebastidae","Sebastiscus","Sebastiscus marmoratus","Teleostei","Euteleosteomorpha","Sebastinae",NA,NA,NA,NA
"Seriola dorsalis","Eukaryota","Metazoa","Chordata","Craniata","Actinopterygii","Actinopteri","Neopterygii",NA,"Carangiformes",NA,NA,NA,"Carangidae","Seriola","Seriola lalandi","Teleostei","Euteleosteomorpha",NA,NA,NA,NA,"Seriola lalandi dorsalis"
"Siphamia tubifer","Eukaryota","Metazoa","Chordata","Craniata","Actinopterygii","Actinopteri","Neopterygii",NA,"Kurtiformes","Apogonoidei",NA,NA,"Apogonidae","Siphamia","Siphamia tubifer","Teleostei","Euteleosteomorpha","Apogoninae",NA,NA,NA,NA
"Sphyrna tiburo","Eukaryota","Metazoa","Chordata","Craniata",NA,"Chondrichthyes","Elasmobranchii","Galeoidea","Carcharhiniformes",NA,NA,NA,"Carcharhinidae","Sphyrna","Sphyrna tiburo","Selachii",NA,NA,NA,NA,NA,NA
"Stegastes beebei","Eukaryota","Metazoa","Chordata","Craniata","Actinopterygii","Actinopteri","Neopterygii",NA,NA,NA,NA,NA,"Pomacentridae","Stegastes","Stegastes beebei","Teleostei","Euteleosteomorpha",NA,NA,NA,NA,NA
"Stegastes leucorus","Eukaryota","Metazoa","Chordata","Craniata","Actinopterygii","Actinopteri","Neopterygii",NA,NA,NA,NA,NA,"Pomacentridae","Stegastes","Stegastes leucorus","Teleostei","Euteleosteomorpha",NA,NA,NA,NA,NA
"Stephanocoenia intersepta","Eukaryota","Metazoa","Cnidaria",NA,NA,"Anthozoa","Hexacorallia",NA,"Scleractinia","Astrocoeniina",NA,NA,"Astrocoeniidae","Stephanocoenia","Stephanocoenia intersepta",NA,NA,NA,NA,NA,NA,NA
"Strombus pugilis","Eukaryota","Metazoa","Mollusca",NA,NA,"Gastropoda","Caenogastropoda",NA,"Littorinimorpha",NA,NA,"Stromboidea","Strombidae","Strombus","Strombus pugilis",NA,NA,NA,NA,NA,NA,NA
"Symphodus melops","Eukaryota","Metazoa","Chordata","Craniata","Actinopterygii","Actinopteri","Neopterygii",NA,"Labriformes",NA,NA,NA,"Labridae","Symphodus","Symphodus melops","Teleostei","Euteleosteomorpha",NA,NA,NA,NA,NA
"Symphodus tinca","Eukaryota","Metazoa","Chordata","Craniata","Actinopterygii","Actinopteri","Neopterygii",NA,"Labriformes",NA,NA,NA,"Labridae","Symphodus","Symphodus tinca","Teleostei","Euteleosteomorpha",NA,NA,NA,NA,NA
"Systellaspis debilis","Eukaryota","Metazoa","Arthropoda","Crustacea","Multicrustacea","Malacostraca","Eumalacostraca","Eucarida","Decapoda","Pleocyemata","Caridea","Oplophoroidea","Oplophoridae","Systellaspis","Systellaspis debilis",NA,NA,NA,NA,NA,NA,NA
"Thunnus thynnus","Eukaryota","Metazoa","Chordata","Craniata","Actinopterygii","Actinopteri","Neopterygii",NA,"Scombriformes",NA,NA,NA,"Scombridae","Thunnus","Thunnus thynnus","Teleostei","Euteleosteomorpha","Scombrinae",NA,NA,"Thunnini",NA
"Trachidermus fasciatus","Eukaryota","Metazoa","Chordata","Craniata","Actinopterygii","Actinopteri","Neopterygii",NA,"Perciformes","Cottioidei","Cottales",NA,"Cottidae","Trachidermus","Trachidermus fasciatus","Teleostei","Euteleosteomorpha",NA,NA,NA,NA,NA
"Uria aalge","Eukaryota","Metazoa","Chordata","Craniata","Sarcopterygii","Aves",NA,NA,"Charadriiformes",NA,NA,NA,"Alcidae","Uria","Uria aalge","Neognathae",NA,NA,NA,NA,NA,NA
"Uria lomvia","Eukaryota","Metazoa","Chordata","Craniata","Sarcopterygii","Aves",NA,NA,"Charadriiformes",NA,NA,NA,"Alcidae","Uria","Uria lomvia","Neognathae",NA,NA,NA,NA,NA,NA
"Vampyroteuthis infernalis","Eukaryota","Metazoa","Mollusca",NA,NA,"Cephalopoda","Coleoidea","Octopodiformes","Vampyromorpha",NA,NA,NA,"Vampyroteuthidae","Vampyroteuthis","Vampyroteuthis infernalis",NA,NA,NA,NA,NA,NA,NA
"Zalophus wollebaeki","Eukaryota","Metazoa","Chordata","Craniata","Sarcopterygii","Mammalia",NA,"Laurasiatheria","Carnivora","Caniformia",NA,NA,"Otariidae","Zalophus","Zalophus wollebaeki",NA,NA,NA,NA,NA,NA,NA
"Zebrasoma flavescens","Eukaryota","Metazoa","Chordata","Craniata","Actinopterygii","Actinopteri","Neopterygii",NA,"Acanthuriformes",NA,NA,NA,"Acanthuridae","Zebrasoma","Zebrasoma flavescens","Teleostei","Euteleosteomorpha","Acanthurinae",NA,NA,NA,NA
"Zebrasoma scopas","Eukaryota","Metazoa","Chordata","Craniata","Actinopterygii","Actinopteri","Neopterygii",NA,"Acanthuriformes",NA,NA,NA,"Acanthuridae","Zebrasoma","Zebrasoma scopas","Teleostei","Euteleosteomorpha","Acanthurinae",NA,NA,NA,NA
"Zenarchopterus dunckeri","Eukaryota","Metazoa","Chordata","Craniata","Actinopterygii","Actinopteri","Neopterygii","Atherinomorphae","Beloniformes","Belonoidei",NA,NA,"Zenarchopteridae","Zenarchopterus","Zenarchopterus dunckeri","Teleostei","Euteleosteomorpha",NA,NA,NA,NA,NA
